,author1,precision_author1,recall_author1,f1_score_author1,author2,precision_author2,recall_author2,f1_score_author2,precision_weighted,precision_micro,precision_macro,recall_weighted,recall_micro,recall_macro,f1_weighted,f1_micro,f1_macro,auc_score,accuracy
0,9-Cortes,0.9598,0.9513,0.9556,xanax101010,0.9536,0.9617,0.9576,0.9566,0.9566,0.9567,0.9566,0.9566,0.9565,0.9566,0.9566,0.9566,0.9906,0.9566
1,AgnaldoTeExplode,0.9422,0.9258,0.9339,xanax101010,0.9289,0.9447,0.9367,0.9355,0.9353,0.9355,0.9353,0.9353,0.9352,0.9353,0.9353,0.9353,0.9865,0.9353
2,BeatoSalut,0.8069,0.8468,0.8264,xanax101010,0.8482,0.8085,0.8279,0.8281,0.8271,0.8275,0.8271,0.8271,0.8277,0.8272,0.8271,0.8271,0.9201,0.8271
3,BluePirate89,0.7481,0.8122,0.7789,xanax101010,0.785,0.7149,0.7483,0.7662,0.7646,0.7666,0.7646,0.7646,0.7636,0.7639,0.7646,0.7636,0.8534,0.7646
4,CariocaSatanico,0.9239,0.9392,0.9315,xanax101010,0.9526,0.9404,0.9465,0.9401,0.9399,0.9382,0.9399,0.9399,0.9398,0.94,0.9399,0.939,0.982,0.9399
5,Manada_2,0.9604,0.952,0.9561,xanax101010,0.9536,0.9617,0.9576,0.9569,0.9569,0.957,0.9569,0.9569,0.9568,0.9569,0.9569,0.9569,0.9896,0.9569
6,MaxVonHabsburg,0.958,0.962,0.96,xanax101010,0.9615,0.9574,0.9595,0.9598,0.9597,0.9598,0.9597,0.9597,0.9597,0.9597,0.9597,0.9597,0.9949,0.9597
7,MidnightRider00,0.9343,0.9005,0.9171,xanax101010,0.9095,0.9404,0.9247,0.9215,0.9211,0.9219,0.9211,0.9211,0.9204,0.921,0.9211,0.9209,0.9803,0.9211
8,Miteiro,0.9051,0.9745,0.9385,xanax101010,0.9724,0.8979,0.9336,0.9387,0.9362,0.9387,0.9362,0.9362,0.9362,0.9361,0.9362,0.9361,0.9755,0.9362
9,Supermunch2000,0.9478,0.916,0.9316,xanax101010,0.9177,0.9489,0.9331,0.9329,0.9323,0.9328,0.9323,0.9323,0.9325,0.9323,0.9323,0.9323,0.973,0.9323
10,TheGza1,0.8938,0.9018,0.8978,xanax101010,0.9056,0.8979,0.9017,0.8998,0.8998,0.8997,0.8998,0.8998,0.8998,0.8998,0.8998,0.8997,0.9581,0.8998
11,logatwork,0.9356,0.9316,0.9336,xanax101010,0.9322,0.9362,0.9342,0.9339,0.9339,0.9339,0.9339,0.9339,0.9339,0.9339,0.9339,0.9339,0.9801,0.9339
12,piperman_,0.9471,0.9163,0.9314,xanax101010,0.9256,0.9532,0.9392,0.9359,0.9356,0.9364,0.9356,0.9356,0.9347,0.9355,0.9356,0.9353,0.9856,0.9356
13,um--no,0.9561,0.9732,0.9646,xanax101010,0.974,0.9574,0.9657,0.9653,0.9651,0.9651,0.9651,0.9651,0.9653,0.9651,0.9651,0.9651,0.9931,0.9651
14,9-Cortes,0.8485,0.8673,0.8578,um--no,0.863,0.8438,0.8533,0.8557,0.8556,0.8557,0.8556,0.8556,0.8555,0.8555,0.8556,0.8555,0.9144,0.8556
15,AgnaldoTeExplode,0.7957,0.7991,0.7974,um--no,0.7937,0.7902,0.7919,0.7947,0.7947,0.7947,0.7947,0.7947,0.7947,0.7947,0.7947,0.7947,0.8766,0.7947
16,BeatoSalut,0.8865,0.7387,0.8059,um--no,0.7778,0.9062,0.8371,0.8319,0.8229,0.8321,0.8229,0.8229,0.8225,0.8216,0.8229,0.8215,0.9027,0.8229
17,BluePirate89,0.971,0.9551,0.963,um--no,0.9518,0.9688,0.9602,0.9618,0.9616,0.9614,0.9616,0.9616,0.9619,0.9616,0.9616,0.9616,0.9908,0.9616
18,CariocaSatanico,0.7361,0.8785,0.801,um--no,0.8836,0.7455,0.8087,0.8177,0.8049,0.8099,0.8049,0.8049,0.812,0.8053,0.8049,0.8049,0.91,0.8049
19,Manada_2,0.9478,0.952,0.9499,um--no,0.9507,0.9464,0.9485,0.9492,0.9492,0.9492,0.9492,0.9492,0.9492,0.9492,0.9492,0.9492,0.9862,0.9492
20,MaxVonHabsburg,0.8623,0.8987,0.8802,um--no,0.8879,0.8482,0.8676,0.8747,0.8742,0.8751,0.8742,0.8742,0.8735,0.8741,0.8742,0.8739,0.9474,0.8742
21,MidnightRider00,0.7539,0.8733,0.8092,um--no,0.8519,0.7188,0.7797,0.8032,0.7955,0.8029,0.7955,0.7955,0.796,0.7943,0.7955,0.7944,0.8575,0.7955
22,Miteiro,0.8308,0.9404,0.8822,um--no,0.9275,0.7991,0.8585,0.878,0.8715,0.8791,0.8715,0.8715,0.8698,0.8707,0.8715,0.8704,0.9532,0.8715
23,Supermunch2000,0.8382,0.8487,0.8434,um--no,0.8371,0.8259,0.8315,0.8377,0.8377,0.8376,0.8377,0.8377,0.8373,0.8376,0.8377,0.8374,0.9124,0.8377
24,TheGza1,0.8498,0.8839,0.8665,um--no,0.8791,0.8438,0.861,0.8644,0.8638,0.8644,0.8638,0.8638,0.8638,0.8638,0.8638,0.8638,0.9371,0.8638
25,logatwork,0.7479,0.7607,0.7542,um--no,0.7455,0.7321,0.7387,0.7467,0.7467,0.7467,0.7467,0.7467,0.7464,0.7467,0.7467,0.7465,0.831,0.7467
26,piperman_,0.7811,0.8465,0.8125,um--no,0.8398,0.7723,0.8047,0.8111,0.8087,0.8105,0.8087,0.8087,0.8094,0.8085,0.8087,0.8086,0.879,0.8087
27,9-Cortes,0.8341,0.8009,0.8172,piperman_,0.7991,0.8326,0.8155,0.817,0.8163,0.8166,0.8163,0.8163,0.8167,0.8163,0.8163,0.8163,0.8862,0.8163
28,AgnaldoTeExplode,0.8341,0.8341,0.8341,piperman_,0.8233,0.8233,0.8233,0.8288,0.8288,0.8287,0.8288,0.8288,0.8287,0.8288,0.8288,0.8287,0.9123,0.8288
29,BeatoSalut,0.8657,0.7838,0.8227,piperman_,0.7966,0.8744,0.8337,0.8317,0.8284,0.8311,0.8284,0.8284,0.8291,0.8281,0.8284,0.8282,0.9163,0.8284
30,BluePirate89,0.9183,0.9633,0.9402,piperman_,0.9557,0.9023,0.9282,0.9358,0.9348,0.937,0.9348,0.9348,0.9328,0.9346,0.9348,0.9342,0.9793,0.9348
31,CariocaSatanico,0.908,0.8177,0.8605,piperman_,0.8584,0.9302,0.8929,0.881,0.8788,0.8832,0.8788,0.8788,0.874,0.8781,0.8788,0.8767,0.9408,0.8788
32,Manada_2,0.9174,0.9214,0.9194,piperman_,0.9159,0.9116,0.9138,0.9167,0.9167,0.9166,0.9167,0.9167,0.9165,0.9167,0.9167,0.9166,0.9725,0.9167
33,MaxVonHabsburg,0.8884,0.8397,0.8633,piperman_,0.8333,0.8837,0.8578,0.8622,0.8606,0.8609,0.8606,0.8606,0.8617,0.8607,0.8606,0.8606,0.9377,0.8606
34,MidnightRider00,0.7915,0.7557,0.7731,piperman_,0.76,0.7953,0.7773,0.776,0.7752,0.7757,0.7752,0.7752,0.7755,0.7752,0.7752,0.7752,0.8659,0.7752
35,Miteiro,0.8889,0.8511,0.8696,piperman_,0.8444,0.8837,0.8636,0.8677,0.8667,0.8667,0.8667,0.8667,0.8674,0.8667,0.8667,0.8666,0.9434,0.8667
36,Supermunch2000,0.8311,0.7857,0.8078,piperman_,0.7763,0.8233,0.7991,0.8051,0.8035,0.8037,0.8035,0.8035,0.8045,0.8037,0.8035,0.8034,0.8838,0.8035
37,TheGza1,0.875,0.8438,0.8591,piperman_,0.843,0.8744,0.8584,0.8594,0.8588,0.859,0.8588,0.8588,0.8591,0.8588,0.8588,0.8588,0.9389,0.8588
38,logatwork,0.7635,0.7863,0.7747,piperman_,0.7596,0.7349,0.747,0.7616,0.7617,0.7616,0.7617,0.7617,0.7606,0.7615,0.7617,0.7609,0.8394,0.7617
39,9-Cortes,0.8932,0.8142,0.8519,logatwork,0.8346,0.906,0.8689,0.8634,0.8609,0.8639,0.8609,0.8609,0.8601,0.8605,0.8609,0.8604,0.9337,0.8609
40,AgnaldoTeExplode,0.8,0.8734,0.8351,logatwork,0.8638,0.7863,0.8233,0.8323,0.8294,0.8319,0.8294,0.8294,0.8298,0.8291,0.8294,0.8292,0.9129,0.8294
41,BeatoSalut,0.8782,0.7793,0.8258,logatwork,0.8108,0.8974,0.8519,0.8436,0.8399,0.8445,0.8399,0.8399,0.8384,0.8392,0.8399,0.8389,0.8987,0.8399
42,BluePirate89,0.9189,0.9714,0.9444,logatwork,0.9682,0.9103,0.9383,0.943,0.9415,0.9436,0.9415,0.9415,0.9408,0.9415,0.9415,0.9414,0.9742,0.9415
43,CariocaSatanico,0.875,0.8122,0.8424,logatwork,0.8623,0.9103,0.8857,0.8679,0.8675,0.8687,0.8675,0.8675,0.8612,0.8668,0.8675,0.864,0.9329,0.8675
44,Manada_2,0.9771,0.9301,0.953,logatwork,0.9347,0.9786,0.9562,0.9557,0.9546,0.9559,0.9546,0.9546,0.9544,0.9546,0.9546,0.9546,0.9872,0.9546
45,MaxVonHabsburg,0.9254,0.8903,0.9075,logatwork,0.893,0.9274,0.9099,0.9093,0.9087,0.9092,0.9087,0.9087,0.9088,0.9087,0.9087,0.9087,0.9666,0.9087
46,MidnightRider00,0.8077,0.8552,0.8308,logatwork,0.8552,0.8077,0.8308,0.8321,0.8308,0.8314,0.8308,0.8308,0.8314,0.8308,0.8308,0.8308,0.908,0.8308
47,Miteiro,0.8913,0.8723,0.8817,logatwork,0.8745,0.8932,0.8837,0.8829,0.8827,0.8829,0.8827,0.8827,0.8828,0.8827,0.8827,0.8827,0.9446,0.8827
48,Supermunch2000,0.8182,0.7941,0.806,logatwork,0.7967,0.8205,0.8084,0.8075,0.8072,0.8074,0.8072,0.8072,0.8073,0.8072,0.8072,0.8072,0.894,0.8072
49,TheGza1,0.8356,0.817,0.8262,logatwork,0.8285,0.8462,0.8372,0.832,0.8319,0.832,0.8319,0.8319,0.8316,0.8318,0.8319,0.8317,0.9163,0.8319
50,9-Cortes,0.8341,0.8451,0.8396,TheGza1,0.8416,0.8304,0.836,0.8378,0.8378,0.8378,0.8378,0.8378,0.8377,0.8378,0.8378,0.8378,0.9327,0.8378
51,AgnaldoTeExplode,0.8523,0.8821,0.867,TheGza1,0.875,0.8438,0.8591,0.8635,0.8631,0.8637,0.8631,0.8631,0.8629,0.8631,0.8631,0.863,0.9289,0.8631
52,BeatoSalut,0.8073,0.7928,0.8,TheGza1,0.7982,0.8125,0.8053,0.8028,0.8027,0.8028,0.8027,0.8027,0.8026,0.8027,0.8027,0.8027,0.8878,0.8027
53,BluePirate89,0.8431,0.9429,0.8902,TheGza1,0.9282,0.808,0.864,0.8837,0.8785,0.8856,0.8785,0.8785,0.8754,0.8777,0.8785,0.8771,0.9331,0.8785
54,CariocaSatanico,0.903,0.8232,0.8613,TheGza1,0.8667,0.9286,0.8966,0.8829,0.8815,0.8848,0.8815,0.8815,0.8759,0.8808,0.8815,0.8789,0.9459,0.8815
55,Manada_2,0.8811,0.8734,0.8772,TheGza1,0.8717,0.8795,0.8756,0.8764,0.8764,0.8764,0.8764,0.8764,0.8764,0.8764,0.8764,0.8764,0.9581,0.8764
56,MaxVonHabsburg,0.9432,0.9114,0.927,TheGza1,0.9095,0.942,0.9254,0.9268,0.9262,0.9264,0.9262,0.9262,0.9267,0.9263,0.9262,0.9262,0.9842,0.9262
57,MidnightRider00,0.8391,0.8733,0.8559,TheGza1,0.8698,0.8348,0.8519,0.8546,0.8539,0.8544,0.8539,0.8539,0.8541,0.8539,0.8539,0.8539,0.9302,0.8539
58,Miteiro,0.8697,0.8809,0.8753,TheGza1,0.8733,0.8616,0.8674,0.8715,0.8715,0.8715,0.8715,0.8715,0.8712,0.8714,0.8715,0.8713,0.9474,0.8715
59,Supermunch2000,0.8522,0.8235,0.8376,TheGza1,0.819,0.8482,0.8333,0.8361,0.8355,0.8356,0.8355,0.8355,0.8359,0.8355,0.8355,0.8355,0.9136,0.8355
60,9-Cortes,0.8995,0.8717,0.8854,Supermunch2000,0.8816,0.9076,0.8944,0.8904,0.8901,0.8906,0.8901,0.8901,0.8896,0.89,0.8901,0.8899,0.9457,0.8901
61,AgnaldoTeExplode,0.8016,0.8646,0.8319,Supermunch2000,0.8591,0.7941,0.8253,0.8309,0.8287,0.8304,0.8287,0.8287,0.8294,0.8286,0.8287,0.8286,0.9131,0.8287
62,BeatoSalut,0.8217,0.8514,0.8363,Supermunch2000,0.8565,0.8277,0.8419,0.8397,0.8391,0.8391,0.8391,0.8391,0.8395,0.8392,0.8391,0.8391,0.9101,0.8391
63,BluePirate89,0.9274,0.9388,0.9331,Supermunch2000,0.9362,0.9244,0.9302,0.9317,0.9317,0.9318,0.9317,0.9317,0.9316,0.9317,0.9317,0.9316,0.9779,0.9317
64,CariocaSatanico,0.8462,0.8508,0.8485,Supermunch2000,0.8861,0.8824,0.8842,0.8688,0.8687,0.8661,0.8687,0.8687,0.8666,0.8688,0.8687,0.8663,0.9349,0.8687
65,Manada_2,0.927,0.9432,0.9351,Supermunch2000,0.9444,0.9286,0.9364,0.9359,0.9358,0.9357,0.9358,0.9358,0.9359,0.9358,0.9358,0.9358,0.9812,0.9358
66,MaxVonHabsburg,0.9034,0.9072,0.9053,Supermunch2000,0.9072,0.9034,0.9053,0.9053,0.9053,0.9053,0.9053,0.9053,0.9053,0.9053,0.9053,0.9053,0.9646,0.9053
67,MidnightRider00,0.8333,0.8371,0.8352,Supermunch2000,0.8481,0.8445,0.8463,0.841,0.841,0.8407,0.841,0.841,0.8408,0.841,0.841,0.8408,0.9097,0.841
68,Miteiro,0.8458,0.9106,0.877,Supermunch2000,0.9045,0.8361,0.869,0.8754,0.8732,0.8752,0.8732,0.8732,0.8734,0.873,0.8732,0.873,0.9514,0.8732
69,9-Cortes,0.9259,0.885,0.905,Miteiro,0.8939,0.9319,0.9125,0.9096,0.9089,0.9099,0.9089,0.9089,0.9084,0.9088,0.9089,0.9087,0.9705,0.9089
70,AgnaldoTeExplode,0.8962,0.8297,0.8617,Miteiro,0.8452,0.9064,0.8747,0.8704,0.8685,0.8707,0.8685,0.8685,0.868,0.8683,0.8685,0.8682,0.9512,0.8685
71,BeatoSalut,0.8158,0.8378,0.8267,Miteiro,0.8428,0.8213,0.8319,0.8297,0.8293,0.8293,0.8293,0.8293,0.8296,0.8294,0.8293,0.8293,0.9213,0.8293
72,BluePirate89,0.9022,0.8286,0.8638,Miteiro,0.8353,0.9064,0.8694,0.8695,0.8667,0.8688,0.8667,0.8667,0.8675,0.8666,0.8667,0.8666,0.9393,0.8667
73,CariocaSatanico,0.8876,0.8729,0.8802,Miteiro,0.9034,0.9149,0.9091,0.8965,0.8966,0.8955,0.8966,0.8966,0.8939,0.8965,0.8966,0.8947,0.9614,0.8966
74,Manada_2,0.8921,0.9389,0.9149,Miteiro,0.9372,0.8894,0.9127,0.915,0.9138,0.9147,0.9138,0.9138,0.9141,0.9138,0.9138,0.9138,0.9783,0.9138
75,MaxVonHabsburg,0.918,0.9451,0.9314,Miteiro,0.943,0.9149,0.9287,0.9305,0.9301,0.9305,0.9301,0.9301,0.93,0.9301,0.9301,0.9301,0.9735,0.9301
76,MidnightRider00,0.8525,0.8371,0.8447,Miteiro,0.8494,0.8638,0.8565,0.8509,0.8509,0.851,0.8509,0.8509,0.8505,0.8508,0.8509,0.8506,0.942,0.8509
77,9-Cortes,0.8472,0.8584,0.8527,MidnightRider00,0.8532,0.8416,0.8474,0.8502,0.8501,0.8502,0.8501,0.8501,0.85,0.8501,0.8501,0.8501,0.932,0.8501
78,AgnaldoTeExplode,0.8097,0.8734,0.8403,MidnightRider00,0.8571,0.7873,0.8208,0.833,0.8311,0.8334,0.8311,0.8311,0.8303,0.8307,0.8311,0.8305,0.9091,0.8311
79,BeatoSalut,0.7755,0.6847,0.7273,MidnightRider00,0.7166,0.8009,0.7564,0.7461,0.7427,0.7461,0.7427,0.7427,0.7428,0.7418,0.7427,0.7418,0.8449,0.7427
80,BluePirate89,0.8975,0.8939,0.8957,MidnightRider00,0.8829,0.8869,0.8849,0.8906,0.8906,0.8902,0.8906,0.8906,0.8904,0.8906,0.8906,0.8903,0.9545,0.8906
81,CariocaSatanico,0.7703,0.8895,0.8256,MidnightRider00,0.8964,0.7828,0.8357,0.8396,0.8308,0.8334,0.8308,0.8308,0.8362,0.8312,0.8308,0.8307,0.9202,0.8308
82,Manada_2,0.9121,0.952,0.9316,MidnightRider00,0.9479,0.905,0.9259,0.9297,0.9289,0.93,0.9289,0.9289,0.9285,0.9288,0.9289,0.9288,0.9795,0.9289
83,MaxVonHabsburg,0.8514,0.8945,0.8724,MidnightRider00,0.8804,0.8326,0.8558,0.8654,0.8646,0.8659,0.8646,0.8646,0.8635,0.8644,0.8646,0.8641,0.9477,0.8646
84,9-Cortes,0.8711,0.8673,0.8692,MaxVonHabsburg,0.8739,0.8776,0.8758,0.8726,0.8726,0.8725,0.8726,0.8726,0.8724,0.8726,0.8726,0.8725,0.9437,0.8726
85,AgnaldoTeExplode,0.8484,0.9039,0.8753,MaxVonHabsburg,0.9009,0.8439,0.8715,0.8751,0.8734,0.8746,0.8734,0.8734,0.8739,0.8733,0.8734,0.8734,0.9416,0.8734
86,BeatoSalut,0.9252,0.8919,0.9083,MaxVonHabsburg,0.902,0.9325,0.917,0.9133,0.9129,0.9136,0.9129,0.9129,0.9122,0.9128,0.9129,0.9126,0.978,0.9129
87,BluePirate89,0.9528,0.9061,0.9289,MaxVonHabsburg,0.9076,0.9536,0.93,0.9306,0.9295,0.9302,0.9295,0.9295,0.9299,0.9294,0.9295,0.9295,0.9838,0.9295
88,CariocaSatanico,0.8771,0.8674,0.8722,MaxVonHabsburg,0.8996,0.9072,0.9034,0.8898,0.89,0.8883,0.89,0.89,0.8873,0.8899,0.89,0.8878,0.9504,0.89
89,Manada_2,0.9823,0.9694,0.9758,MaxVonHabsburg,0.9708,0.9831,0.9769,0.9765,0.9764,0.9766,0.9764,0.9764,0.9763,0.9764,0.9764,0.9764,0.9966,0.9764
90,9-Cortes,0.9593,0.9381,0.9485,Manada_2,0.9402,0.9607,0.9503,0.9497,0.9495,0.9497,0.9495,0.9495,0.9494,0.9494,0.9495,0.9494,0.9889,0.9495
91,AgnaldoTeExplode,0.917,0.9651,0.9404,Manada_2,0.9631,0.9127,0.9372,0.9401,0.9389,0.9401,0.9389,0.9389,0.9389,0.9388,0.9389,0.9388,0.9856,0.9389
92,BeatoSalut,0.8938,0.9099,0.9018,Manada_2,0.9111,0.8952,0.9031,0.9026,0.9024,0.9025,0.9024,0.9024,0.9026,0.9024,0.9024,0.9024,0.9617,0.9024
93,BluePirate89,0.9357,0.951,0.9433,Manada_2,0.9467,0.9301,0.9383,0.941,0.9409,0.9412,0.9409,0.9409,0.9406,0.9409,0.9409,0.9408,0.9846,0.9409
94,CariocaSatanico,0.95,0.9448,0.9474,Manada_2,0.9565,0.9607,0.9586,0.9536,0.9537,0.9533,0.9537,0.9537,0.9527,0.9536,0.9537,0.953,0.9909,0.9537
95,9-Cortes,0.8952,0.8319,0.8624,CariocaSatanico,0.8071,0.8785,0.8413,0.856,0.8526,0.8512,0.8526,0.8526,0.8552,0.853,0.8526,0.8518,0.9291,0.8526
96,AgnaldoTeExplode,0.85,0.8908,0.8699,CariocaSatanico,0.8529,0.8011,0.8262,0.8513,0.8512,0.8515,0.8512,0.8512,0.846,0.8506,0.8512,0.8481,0.9068,0.8512
97,BeatoSalut,0.8971,0.8243,0.8592,CariocaSatanico,0.804,0.884,0.8421,0.8553,0.8511,0.8505,0.8511,0.8511,0.8542,0.8515,0.8511,0.8506,0.9295,0.8511
98,BluePirate89,0.9355,0.9469,0.9412,CariocaSatanico,0.927,0.9116,0.9192,0.9319,0.9319,0.9312,0.9319,0.9319,0.9293,0.9318,0.9319,0.9302,0.9768,0.9319
99,9-Cortes,0.9389,0.9513,0.9451,BluePirate89,0.9545,0.9429,0.9487,0.947,0.9469,0.9467,0.9469,0.9469,0.9471,0.9469,0.9469,0.9469,0.986,0.9469
100,AgnaldoTeExplode,0.9035,0.8996,0.9015,BluePirate89,0.9065,0.9102,0.9084,0.9051,0.9051,0.905,0.9051,0.9051,0.9049,0.9051,0.9051,0.9049,0.9748,0.9051
101,BeatoSalut,0.7696,0.7973,0.7832,BluePirate89,0.8101,0.7837,0.7967,0.7908,0.7901,0.7898,0.7901,0.7901,0.7905,0.7903,0.7901,0.7899,0.8673,0.7901
102,9-Cortes,0.9062,0.8982,0.9022,BeatoSalut,0.8973,0.9054,0.9013,0.9018,0.9018,0.9018,0.9018,0.9018,0.9018,0.9018,0.9018,0.9018,0.9638,0.9018
103,AgnaldoTeExplode,0.8449,0.9039,0.8734,BeatoSalut,0.8932,0.8288,0.8598,0.8687,0.867,0.8691,0.867,0.867,0.8664,0.8667,0.867,0.8666,0.9269,0.867
104,9-Cortes,0.8889,0.8142,0.8499,AgnaldoTeExplode,0.8306,0.8996,0.8637,0.8596,0.8571,0.8598,0.8571,0.8571,0.8569,0.8569,0.8571,0.8568,0.9228,0.8571
